image,A,B,C,D,E,F,K,L,M,N,O,P
021011_004.png,0.24395478,0.23023376,0.1742699,0.15360205,0.27029648,0.26377678,0.3022343,0.1624991,0.27168044,0.19230185,0.28066444,0.24077004
021003_004.png,0.21993987,0.2037841,0.15480928,0.13241656,0.29117402,0.21450958,0.22270812,0.1505541,0.3122206,0.15041603,0.2256446,0.24337414
021002_004.png,0.29404548,0.1848839,0.13373876,0.12173396,0.21163367,0.18660836,0.18847573,0.12403236,0.23015584,0.116796345,0.19661503,0.3229673
